<?xml version="1.0" encoding="ISO-8859-1"?>
<positions>
<position id="1" y="87.55" x="89.42"/>
<position id="2" y="171.66" x="5.09"/>
<position id="3" y="156.48" x="52.61"/>
<position id="4" y="183.36" x="198.19"/>
<position id="5" y="51.82" x="85.52"/>
<position id="6" y="145.98" x="99.35"/>
<position id="7" y="57.12" x="198.76"/>
<position id="8" y="84.46" x="113.68"/>
<position id="9" y="168.37" x="4.78"/>
<position id="10" y="145.95" x="1.02"/>
<position id="11" y="96.59" x="162.36"/>
<position id="12" y="63.8" x="91.51"/>
<position id="13" y="81.59" x="131.85"/>
<position id="14" y="92.75" x="143.78"/>
<position id="15" y="62.38" x="24.06"/>
<position id="17" y="143.02" x="29.59"/>
<position id="16" y="23.16" x="108.04"/>
<position id="19" y="77.69" x="100.92"/>
<position id="18" y="163.33" x="175.97"/>
<position id="21" y="24.79" x="26.06"/>
<position id="20" y="133.61" x="0.32"/>
<position id="23" y="32.45" x="180.56"/>
<position id="22" y="134.77" x="49.33"/>
<position id="25" y="116.87" x="73.48"/>
<position id="24" y="70.92" x="124.51"/>
<position id="27" y="100.36" x="113.72"/>
<position id="26" y="43.59" x="115.19"/>
<position id="29" y="57.58" x="14.27"/>
<position id="28" y="24.3" x="89.09"/>
<position id="31" y="136.95" x="125.1"/>
<position id="30" y="82.17" x="25.44"/>
<position id="34" y="106.1" x="86.23"/>
<position id="35" y="55.32" x="52.85"/>
<position id="32" y="36.47" x="85.65"/>
<position id="33" y="78.42" x="139.34"/>
<position id="38" y="97.08" x="161.83"/>
<position id="39" y="176.95" x="176.83"/>
<position id="36" y="14.38" x="189.79"/>
<position id="37" y="160.0" x="173.81"/>
<position id="42" y="12.7" x="76.46"/>
<position id="43" y="46.74" x="145.62"/>
<position id="40" y="20.97" x="54.94"/>
<position id="41" y="182.55" x="75.26"/>
<position id="46" y="90.35" x="111.72"/>
<position id="47" y="167.32" x="162.75"/>
<position id="44" y="134.71" x="71.63"/>
<position id="45" y="45.53" x="79.69"/>
<position id="51" y="54.15" x="41.98"/>
<position id="50" y="128.88" x="47.1"/>
<position id="49" y="72.01" x="80.4"/>
<position id="48" y="135.06" x="114.85"/>
<position id="55" y="119.01" x="192.04"/>
<position id="54" y="17.94" x="41.58"/>
<position id="53" y="25.09" x="74.84"/>
<position id="52" y="57.82" x="52.33"/>
<position id="59" y="135.8" x="40.87"/>
<position id="58" y="131.0" x="103.58"/>
<position id="57" y="104.48" x="64.7"/>
<position id="56" y="121.18" x="36.19"/>
<position id="63" y="38.95" x="59.43"/>
<position id="62" y="59.54" x="147.21"/>
<position id="61" y="122.87" x="44.32"/>
<position id="60" y="48.88" x="50.71"/>
<position id="68" y="110.72" x="180.71"/>
<position id="69" y="126.6" x="193.43"/>
<position id="70" y="31.91" x="36.22"/>
<position id="71" y="54.89" x="177.34"/>
<position id="64" y="83.76" x="38.95"/>
<position id="65" y="137.87" x="162.56"/>
<position id="66" y="131.94" x="82.35"/>
<position id="67" y="155.67" x="195.5"/>
<position id="76" y="5.49" x="186.83"/>
<position id="77" y="109.67" x="129.73"/>
<position id="78" y="164.35" x="76.94"/>
<position id="79" y="17.78" x="137.04"/>
<position id="72" y="14.73" x="144.58"/>
<position id="73" y="36.16" x="100.39"/>
<position id="74" y="162.71" x="54.1"/>
<position id="75" y="51.75" x="197.51"/>
<position id="85" y="37.7" x="148.97"/>
<position id="84" y="60.32" x="20.97"/>
<position id="87" y="154.2" x="198.66"/>
<position id="86" y="184.02" x="13.76"/>
<position id="81" y="138.45" x="118.06"/>
<position id="80" y="56.88" x="19.55"/>
<position id="83" y="183.22" x="139.99"/>
<position id="82" y="137.53" x="43.34"/>
<position id="93" y="31.96" x="24.87"/>
<position id="92" y="74.6" x="60.67"/>
<position id="95" y="86.26" x="10.11"/>
<position id="94" y="133.32" x="148.84"/>
<position id="89" y="118.63" x="144.3"/>
<position id="88" y="117.53" x="10.42"/>
<position id="91" y="183.68" x="59.52"/>
<position id="90" y="24.85" x="64.45"/>
<position id="102" y="52.05" x="190.2"/>
<position id="103" y="11.55" x="54.92"/>
<position id="100" y="121.37" x="68.76"/>
<position id="101" y="87.23" x="2.9"/>
<position id="98" y="131.83" x="174.06"/>
<position id="99" y="113.38" x="156.99"/>
<position id="96" y="35.03" x="70.31"/>
<position id="97" y="28.22" x="125.99"/>
<position id="110" y="96.8" x="66.32"/>
<position id="111" y="65.64" x="128.98"/>
<position id="108" y="5.27" x="194.41"/>
<position id="109" y="76.47" x="97.89"/>
<position id="106" y="114.8" x="39.94"/>
<position id="107" y="117.54" x="197.44"/>
<position id="104" y="20.62" x="76.71"/>
<position id="105" y="99.81" x="11.27"/>
<position id="119" y="179.51" x="146.18"/>
<position id="118" y="79.97" x="7.01"/>
<position id="117" y="134.99" x="195.59"/>
<position id="116" y="59.52" x="115.6"/>
<position id="115" y="163.56" x="188.71"/>
<position id="114" y="138.12" x="126.18"/>
<position id="113" y="143.68" x="86.74"/>
<position id="112" y="173.08" x="40.77"/>
<position id="127" y="154.58" x="172.97"/>
<position id="126" y="1.06" x="190.82"/>
<position id="125" y="36.44" x="58.12"/>
<position id="124" y="44.58" x="22.99"/>
<position id="123" y="134.43" x="39.06"/>
<position id="122" y="19.08" x="194.85"/>
<position id="121" y="110.06" x="168.35"/>
<position id="120" y="83.76" x="107.96"/>
<position id="137" y="4.08" x="184.23"/>
<position id="136" y="115.41" x="149.0"/>
<position id="139" y="165.05" x="50.09"/>
<position id="138" y="43.41" x="42.41"/>
<position id="141" y="98.85" x="67.93"/>
<position id="140" y="137.78" x="115.42"/>
<position id="143" y="33.93" x="93.53"/>
<position id="142" y="178.63" x="194.3"/>
<position id="129" y="59.54" x="146.38"/>
<position id="128" y="104.44" x="50.13"/>
<position id="131" y="0.91" x="93.68"/>
<position id="130" y="151.18" x="24.06"/>
<position id="133" y="58.24" x="133.29"/>
<position id="132" y="125.82" x="145.18"/>
<position id="135" y="47.76" x="191.81"/>
<position id="134" y="182.66" x="58.71"/>
<position id="152" y="133.77" x="133.75"/>
<position id="153" y="43.92" x="28.69"/>
<position id="154" y="13.97" x="34.89"/>
<position id="155" y="85.49" x="164.78"/>
<position id="156" y="99.76" x="46.04"/>
<position id="157" y="12.78" x="104.69"/>
<position id="158" y="114.92" x="161.83"/>
<position id="159" y="52.77" x="7.39"/>
<position id="144" y="141.59" x="171.04"/>
<position id="145" y="81.22" x="71.11"/>
<position id="146" y="117.97" x="179.84"/>
<position id="147" y="32.39" x="152.44"/>
<position id="148" y="2.57" x="79.64"/>
<position id="149" y="99.5" x="25.0"/>
<position id="150" y="61.96" x="70.36"/>
<position id="151" y="23.56" x="198.62"/>
<position id="171" y="59.2" x="66.63"/>
<position id="170" y="159.97" x="53.59"/>
<position id="169" y="148.4" x="21.99"/>
<position id="168" y="64.22" x="143.98"/>
<position id="175" y="55.76" x="139.79"/>
<position id="174" y="36.08" x="144.12"/>
<position id="173" y="154.09" x="172.68"/>
<position id="172" y="17.74" x="115.85"/>
<position id="163" y="151.2" x="23.15"/>
<position id="162" y="149.54" x="58.4"/>
<position id="161" y="8.53" x="71.63"/>
<position id="160" y="117.83" x="163.37"/>
<position id="167" y="58.42" x="79.08"/>
<position id="166" y="123.83" x="125.16"/>
<position id="165" y="150.6" x="169.42"/>
<position id="164" y="15.42" x="175.88"/>
<position id="178" y="39.23" x="92.49"/>
<position id="179" y="9.35" x="147.31"/>
<position id="176" y="125.3" x="58.02"/>
<position id="177" y="165.68" x="77.59"/>
<position id="182" y="36.86" x="141.95"/>
<position id="183" y="71.03" x="119.44"/>
<position id="180" y="171.68" x="71.8"/>
<position id="181" y="7.88" x="91.87"/>
</positions>
